{
  "generatedAt": "2026-01-28T18:35:18.997Z",
  "basis": {
    "totalLifters": 15986,
    "timeframe": "24 months"
  },
  "gender": {
    "M": 0.4915551107218816,
    "F": 0.4933066433128988
  },
  "age": {
    "35-39": 0.12698611284874264,
    "Under 15": 0.0780057550356562,
    "30-34": 0.15138245965219568,
    "45-49": 0.04610283998498686,
    "50-54": 0.025897660452896286,
    "40-44": 0.08025772550982109,
    "15-19": 0.18647566620793193,
    "20-24": 0.11478793944701614,
    "55-59": 0.017390216439384463,
    "80-84": 0.0005004378831477543,
    "70-74": 0.0027524083573126487,
    "60-64": 0.011009633429250595,
    "25-29": 0.13549355686225448,
    "65-69": 0.006818466157888152,
    "75-79": 0.001563868384836732,
    "85-89": 0.00012510947078693858,
    "90-94": 0.00006255473539346929
  }
}